{
  "name": "sphere",
  "version": "1.0.0",
  "scripts": {
    "start": "expo start --dev-client",
    "android": "expo run:android",
    "ios": "expo run:ios",
    "web": "expo start --web"
  },
  "dependencies": {
    "@expo/webpack-config": "^19.0.0",
    "@react-native-async-storage/async-storage": "1.18.2",
    "@react-navigation/native": "^6.1.7",
    "@react-navigation/stack": "^6.3.17",
    "expo": "^49.0.0",
    "expo-application": "~5.3.0",
    "expo-auth-session": "~5.0.2",
    "expo-crypto": "~12.4.1",
    "expo-dev-client": "~2.4.11",
    "expo-image": "~1.3.4",
    "expo-image-picker": "~14.3.2",
    "expo-random": "~13.2.0",
    "expo-speech": "~11.3.0",
    "expo-splash-screen": "~0.20.5",
    "expo-status-bar": "~1.6.0",
    "expo-web-browser": "~12.3.2",
    "firebase": "^10.3.0",
    "nativewind": "^2.0.11",
    "react": "18.2.0",
    "react-dom": "18.2.0",
    "react-firebase-hooks": "^5.1.1",
    "react-native": "0.72.5",
    "react-native-gifted-chat": "^2.4.0",
    "react-native-heroicons": "^3.2.0",
    "react-native-svg": "13.9.0",
    "react-native-web": "~0.19.6"
  },
  "devDependencies": {
    "@babel/core": "^7.20.0",
    "tailwindcss": "^3.3.2"
  },
  "private": true
}
